"genome","seqid","CRISPR_id","feature","start","end","strand","sequence"
"GCA_001078825.1_10541_2_25_genomic.fna","CEYE01000005.1","CEYE01000005.1@CRISPR:1","LeftFLANK",157375,157474,"Reverse","GGCGGATTGAGCGCCGTAGCCGCGATGTAGTGCGGATAATGCTGCCGTTGGTAAAAGAGCTGGCGAAGGCGGAAAAAACGTCCTGATATGCTGGTGAAAC"
"GCA_001078825.1_10541_2_25_genomic.fna","CEYE01000005.1","CEYE01000005.1@CRISPR:1","CRISPRdr",157475,157503,"Reverse","GTGTTTATCCCCGCTGGCGCGGGGAACAC"
"GCA_001078825.1_10541_2_25_genomic.fna","CEYE01000005.1","CEYE01000005.1@CRISPR:1","CRISPRspacer",157504,157535,"Reverse","GGACAGCAACCCGTGTCGGATATCAGACAGAT"
"GCA_001078825.1_10541_2_25_genomic.fna","CEYE01000005.1","CEYE01000005.1@CRISPR:1","CRISPRdr",157536,157564,"Reverse","CGGTTTATCCCCGCTGGCGCGGGGAACAC"
"GCA_001078825.1_10541_2_25_genomic.fna","CEYE01000005.1","CEYE01000005.1@CRISPR:1","CRISPRspacer",157565,157596,"Reverse","ACGCGAATCGCCAATCGCCGCCGCGTGAATTG"
"GCA_001078825.1_10541_2_25_genomic.fna","CEYE01000005.1","CEYE01000005.1@CRISPR:1","CRISPRdr",157597,157625,"Reverse","CGGTTTATCCCCGCTGGCGCGGGGAACAC"
"GCA_001078825.1_10541_2_25_genomic.fna","CEYE01000005.1","CEYE01000005.1@CRISPR:1","CRISPRspacer",157626,157657,"Reverse","CCACGATGTATGCCGACCGTGATTTTTACCGC"
"GCA_001078825.1_10541_2_25_genomic.fna","CEYE01000005.1","CEYE01000005.1@CRISPR:1","CRISPRdr",157658,157686,"Reverse","CGGTTTATCCCCGCTGGCGCGGGGAACAC"
"GCA_001078825.1_10541_2_25_genomic.fna","CEYE01000005.1","CEYE01000005.1@CRISPR:1","CRISPRspacer",157687,157718,"Reverse","AGATACGCCTTTACGTCGCCCTCTTTGGCGCG"
"GCA_001078825.1_10541_2_25_genomic.fna","CEYE01000005.1","CEYE01000005.1@CRISPR:1","CRISPRdr",157719,157747,"Reverse","CGGTTTATCCCCGCTGGCGCGGGGAACAC"
"GCA_001078825.1_10541_2_25_genomic.fna","CEYE01000005.1","CEYE01000005.1@CRISPR:1","CRISPRspacer",157748,157779,"Reverse","ATTAAAAAAGATTAATGTTGGTTATAGTTTTA"
"GCA_001078825.1_10541_2_25_genomic.fna","CEYE01000005.1","CEYE01000005.1@CRISPR:1","CRISPRdr",157780,157808,"Reverse","CGGTTTATCCCCGCTGGTGCGGGGAACAC"
"GCA_001078825.1_10541_2_25_genomic.fna","CEYE01000005.1","CEYE01000005.1@CRISPR:1","CRISPRspacer",157809,157840,"Reverse","TAAAACACCGGTTGCGCAACCTCCGCGGGGAT"
"GCA_001078825.1_10541_2_25_genomic.fna","CEYE01000005.1","CEYE01000005.1@CRISPR:1","CRISPRdr",157841,157869,"Reverse","CGGTTTATCCCCGCTGGCGCGGGGATCGG"
"GCA_001078825.1_10541_2_25_genomic.fna","CEYE01000005.1","CEYE01000005.1@CRISPR:1","RightFLANK",157870,157969,"Reverse","TTTATCCCCGCTGGCGCGGGGAACACTCTAAATCTACCCAATTGAATTTAAATACTTTTTTAGCGCACAAAAAACCCACCAACTTTTCCTAATTTTTAAA"
