"genome_name","seqid","CRISPR_id","start","end","consensus_repeat"
"AAB-S01R1_122","AAB-S01R1_k55_8003511_flag=0_multi=8.3746_len=5826","AAB-S01R1_k55_8003511_flag=0_multi=8.3746_len=5826@CRISPR:1",46,153,"CGAACAACGGCGACTCCGTGCCGCCGCA"
"AAB-S01R1_122","AAB-S01R1_k55_7023507_flag=0_multi=9.3178_len=4293","AAB-S01R1_k55_7023507_flag=0_multi=9.3178_len=4293@CRISPR:1",865,973,"CATCCCGGCTCCGAGAAGCTAGGTTCCCCCG"
"AAB-S01R1_122","AAB-S01R1_k55_21145_flag=0_multi=9.6205_len=7306","AAB-S01R1_k55_21145_flag=0_multi=9.6205_len=7306@CRISPR:1",6304,6393,"CGACTCGCCGACTCGCAAACTCCCTCCCTCCCTC"
"AAB-S01R1_122","AAB-S01R1_k55_36331_flag=0_multi=9.3604_len=28042","AAB-S01R1_k55_36331_flag=0_multi=9.3604_len=28042@CRISPR:1",6807,6902,"TCGCGGCGAAGCCGCGCACCGGAAAACA"
"AAB-S01R1_122","AAB-S01R1_k55_43920_flag=0_multi=10.3039_len=26957","AAB-S01R1_k55_43920_flag=0_multi=10.3039_len=26957@CRISPR:1",2073,2184,"GATGTTCCGGAATGCCGTGGACCAGGCTTCAATTTC"
"AAB-S01R1_122","AAB-S01R1_k55_3086998_flag=0_multi=9.9674_len=4072","AAB-S01R1_k55_3086998_flag=0_multi=9.9674_len=4072@CRISPR:1",3980,4069,"TTCCTCGAAGCGTAAATGGTCGCG"
"AAB-S01R1_122","AAB-S01R1_k55_4109796_flag=0_multi=10.5679_len=19469","AAB-S01R1_k55_4109796_flag=0_multi=10.5679_len=19469@CRISPR:1",6588,6700,"TCAAATCAGGCGTAGCCGACGCCCTGTCCGTCGTCCGGAC"
"AAB-S01R1_122","AAB-S01R1_k55_147795_flag=0_multi=10.2810_len=40687","AAB-S01R1_k55_147795_flag=0_multi=10.2810_len=40687@CRISPR:1",28296,28411,"ACTCCGTGTAGGAGCACCCTGAAGAATGAAA"
"AAB-S01R1_122","AAB-S01R1_k55_9186821_flag=0_multi=11.3690_len=5179","AAB-S01R1_k55_9186821_flag=0_multi=11.3690_len=5179@CRISPR:1",4868,4997,"GTCAATTAGCCCACGGTTGCCTCCGGGCTACCGTG"
"AAB-S01R1_122","AAB-S01R1_k55_2235575_flag=0_multi=10.5634_len=63182","AAB-S01R1_k55_2235575_flag=0_multi=10.5634_len=63182@CRISPR:1",20850,20962,"GCATCCTGAATAGAAAACGTGAAACGGC"
"AAB-S01R1_122","AAB-S01R1_k55_2357225_flag=0_multi=10.5927_len=14182","AAB-S01R1_k55_2357225_flag=0_multi=10.5927_len=14182@CRISPR:1",13152,13230,"GGAGGGCGGGTGCCCCCACCCGCCACC"
"AAB-S01R1_122","AAB-S01R1_k55_2357225_flag=0_multi=10.5927_len=14182","AAB-S01R1_k55_2357225_flag=0_multi=10.5927_len=14182@CRISPR:2",13311,13393,"GGAGGGCGGGTGCCCCCACCCGCCACC"
"AAB-S01R1_122","AAB-S01R1_k55_7374205_flag=0_multi=9.1523_len=5545","AAB-S01R1_k55_7374205_flag=0_multi=9.1523_len=5545@CRISPR:1",5395,5545,"CGGTTCATCCCCACTTGCGTGGGGCGGTT"
"AAB-S01R1_122","AAB-S01R1_k55_9399631_flag=0_multi=9.8751_len=26518","AAB-S01R1_k55_9399631_flag=0_multi=9.8751_len=26518@CRISPR:1",25305,26493,"AACCGCCCCACGCAAGTGGGGATGAACCG"
"AAB-S01R1_122","AAB-S01R1_k55_2451649_flag=0_multi=9.4300_len=3341","AAB-S01R1_k55_2451649_flag=0_multi=9.4300_len=3341@CRISPR:1",3151,3210,"CGTGATGCGTGATGACCGTGATG"
"AAB-S01R1_122","AAB-S01R1_k55_3559171_flag=0_multi=6.5922_len=2507","AAB-S01R1_k55_3559171_flag=0_multi=6.5922_len=2507@CRISPR:1",67,169,"GCGACGATGCGGAGGAGGGGGCGT"
"AAB-S01R1_122","AAB-S01R1_k55_2644025_flag=0_multi=10.7065_len=17008","AAB-S01R1_k55_2644025_flag=0_multi=10.7065_len=17008@CRISPR:1",1,143,"CTCTGCCCCTCCCAGGGGAAGTCCGTGAGTCCCCGAACGGGTAGGGGTTCCGGC"
"AAB-S01R1_122","AAB-S01R1_k55_2644025_flag=0_multi=10.7065_len=17008","AAB-S01R1_k55_2644025_flag=0_multi=10.7065_len=17008@CRISPR:2",1661,1759,"ACTGGGAGGGCGGGTGCCCTCACCCGCCACCG"
"AAB-S01R1_122","AAB-S01R1_k55_2644025_flag=0_multi=10.7065_len=17008","AAB-S01R1_k55_2644025_flag=0_multi=10.7065_len=17008@CRISPR:3",16821,16909,"GCGCCAAAGGATTGAGCGAGGGACGG"
"AAB-S01R1_122","AAB-S01R1_k55_7696808_flag=1_multi=8.9871_len=5411","AAB-S01R1_k55_7696808_flag=1_multi=8.9871_len=5411@CRISPR:1",5279,5386,"CGATCAACGGCGACTCCGTGCCGCCGCA"
"AAB-S01R1_122","AAB-S01R1_k55_2865144_flag=0_multi=11.3230_len=4489","AAB-S01R1_k55_2865144_flag=0_multi=11.3230_len=4489@CRISPR:1",4377,4489,"GCGGGGGGTTCGGTATCGCGGGCGCAAGCGTC"
